{"result": 85.89306143039524, "algo": "DDPG", "env_name": "HalfCheetah-v2", "gamma": 0.99, "tau": 0.001, "ou_noise": true, "param_noise": false, "noise_scale": 0.3, "final_noise_scale": 0.3, "exploration_end": 1, "seed": 4, "batch_size": 128, "num_steps": 1000, "num_episodes": 10, "hidden_size": 128, "updates_per_step": 5, "replay_size": 1000000, "train_rewards": [-243.77060616766536, -8.971473038920239, 1.5326356011810471, 19.88857309137543, -65.52113971467543, 1.362430455271151, 95.21106681102519, -68.34418251415269, 54.98983235034639, 118.93477109831427], "test_rewards": [85.89306143039524]}